<?xml version="1.0" encoding="utf-8"?>
<DataSchemaModel FileFormatVersion="1.2" SchemaVersion="2.9" DspName="Microsoft.Data.Tools.Schema.Sql.SqlDwDatabaseSchemaProvider" CollationLcid="1033" CollationCaseSensitive="False" xmlns="http://schemas.microsoft.com/sqlserver/dac/Serialization/2012/02">
	<Header>
		<CustomData Category="AnsiNulls">
			<Metadata Name="AnsiNulls" Value="True" />
		</CustomData>
		<CustomData Category="QuotedIdentifier">
			<Metadata Name="QuotedIdentifier" Value="True" />
		</CustomData>
		<CustomData Category="CompatibilityMode">
			<Metadata Name="CompatibilityMode" Value="130" />
		</CustomData>
		<CustomData Category="Reference" Type="Assembly">
			<Metadata Name="LogicalName" Value="Create dacpac from ADS test.dll" />
			<Metadata Name="FileName" Value="c:\repos\Create dacpac from ADS test\obj\Debug\Create dacpac from ADS test.dll" />
			<Metadata Name="AssemblyName" Value="Create dacpac from ADS test" />
			<Metadata Name="PermissionSet" Value="SAFE" />
			<Metadata Name="Owner" Value="" />
			<Metadata Name="GenerateSqlClrDdl" Value="True" />
			<Metadata Name="IsVisible" Value="True" />
			<Metadata Name="IsModelAware" Value="True" />
			<Metadata Name="SkipCreationIfEmpty" Value="True" />
			<Metadata Name="AssemblySymbolsName" Value="c:\repos\Create dacpac from ADS test\obj\Debug\Create dacpac from ADS test.pdb" />
		</CustomData>
		<CustomData Category="SqlCmdVariables" Type="SqlCmdVariable" />
	</Header>
	<Model>
		<Element Type="SqlDatabaseOptions">
			<Property Name="Collation" Value="SQL_Latin1_General_CP1_CI_AS" />
			<Property Name="IsAnsiNullDefaultOn" Value="True" />
			<Property Name="IsAnsiNullsOn" Value="True" />
			<Property Name="IsAnsiWarningsOn" Value="True" />
			<Property Name="IsArithAbortOn" Value="True" />
			<Property Name="IsConcatNullYieldsNullOn" Value="True" />
			<Property Name="IsTornPageProtectionOn" Value="False" />
			<Property Name="IsFullTextEnabled" Value="True" />
			<Property Name="PageVerifyMode" Value="3" />
			<Property Name="DefaultLanguage" Value="" />
			<Property Name="DefaultFullTextLanguage" Value="" />
			<Property Name="QueryStoreDesiredState" Value="0" />
			<Property Name="QueryStoreCaptureMode" Value="1" />
			<Property Name="QueryStoreStaleQueryThreshold" Value="367" />
			<Relationship Name="DefaultFilegroup">
				<Entry>
					<References ExternalSource="BuiltIns" Name="[PRIMARY]" />
				</Entry>
			</Relationship>
		</Element>
		<Element Type="SqlTable" Name="[dbo].[Tablea]">
			<Property Name="DistributionPolicyType" Value="3" />
			<Property Name="IsAnsiNullsOn" Value="True" />
			<Relationship Name="Columns">
				<Entry>
					<Element Type="SqlSimpleColumn" Name="[dbo].[Tablea].[col1]">
						<Property Name="IsNullable" Value="False" />
						<Relationship Name="TypeSpecifier">
							<Entry>
								<Element Type="SqlTypeSpecifier">
									<Relationship Name="Type">
										<Entry>
											<References ExternalSource="BuiltIns" Name="[int]" />
										</Entry>
									</Relationship>
								</Element>
							</Entry>
						</Relationship>
					</Element>
				</Entry>
			</Relationship>
			<Relationship Name="DistributionColumn">
				<Entry>
					<References Name="[dbo].[Tablea].[col1]" />
				</Entry>
			</Relationship>
			<Relationship Name="Schema">
				<Entry>
					<References ExternalSource="BuiltIns" Name="[dbo]" />
				</Entry>
			</Relationship>
			<Annotation Type="SqlInlineIndexAnnotation" Disambiguator="2" />
		</Element>
		<Element Type="SqlColumnStoreIndex" Name="[dbo].[Tablea].[ClusteredIndex_00000000000000000000000000000000]">
			<Property Name="IsClustered" Value="True" />
			<Relationship Name="ColumnSpecifications">
				<Entry>
					<Element Type="SqlIndexedColumnSpecification">
						<Relationship Name="Column">
							<Entry>
								<References Name="[dbo].[Tablea].[col1]" />
							</Entry>
						</Relationship>
					</Element>
				</Entry>
			</Relationship>
			<Relationship Name="IndexedObject">
				<Entry>
					<References Name="[dbo].[Tablea]" />
				</Entry>
			</Relationship>
			<AttachedAnnotation Disambiguator="2" />
		</Element>
		<Element Type="SqlTable" Name="[dbo].[Tableb]">
			<Property Name="DistributionPolicyType" Value="3" />
			<Property Name="IsAnsiNullsOn" Value="True" />
			<Relationship Name="Columns">
				<Entry>
					<Element Type="SqlSimpleColumn" Name="[dbo].[Tableb].[col1]">
						<Property Name="IsNullable" Value="False" />
						<Relationship Name="TypeSpecifier">
							<Entry>
								<Element Type="SqlTypeSpecifier">
									<Relationship Name="Type">
										<Entry>
											<References ExternalSource="BuiltIns" Name="[int]" />
										</Entry>
									</Relationship>
								</Element>
							</Entry>
						</Relationship>
					</Element>
				</Entry>
				<Entry>
					<Element Type="SqlSimpleColumn" Name="[dbo].[Tableb].[col2]">
						<Relationship Name="TypeSpecifier">
							<Entry>
								<Element Type="SqlTypeSpecifier">
									<Property Name="Length" Value="10" />
									<Relationship Name="Type">
										<Entry>
											<References ExternalSource="BuiltIns" Name="[varchar]" />
										</Entry>
									</Relationship>
								</Element>
							</Entry>
						</Relationship>
					</Element>
				</Entry>
			</Relationship>
			<Relationship Name="DistributionColumn">
				<Entry>
					<References Name="[dbo].[Tableb].[col1]" />
				</Entry>
			</Relationship>
			<Relationship Name="Schema">
				<Entry>
					<References ExternalSource="BuiltIns" Name="[dbo]" />
				</Entry>
			</Relationship>
			<Annotation Type="SqlInlineIndexAnnotation" Disambiguator="3" />
		</Element>
		<Element Type="SqlColumnStoreIndex" Name="[dbo].[Tableb].[ClusteredIndex_00000000000000000000000000000000]">
			<Property Name="IsClustered" Value="True" />
			<Relationship Name="ColumnSpecifications">
				<Entry>
					<Element Type="SqlIndexedColumnSpecification">
						<Relationship Name="Column">
							<Entry>
								<References Name="[dbo].[Tableb].[col1]" />
							</Entry>
						</Relationship>
					</Element>
				</Entry>
				<Entry>
					<Element Type="SqlIndexedColumnSpecification">
						<Relationship Name="Column">
							<Entry>
								<References Name="[dbo].[Tableb].[col2]" />
							</Entry>
						</Relationship>
					</Element>
				</Entry>
			</Relationship>
			<Relationship Name="IndexedObject">
				<Entry>
					<References Name="[dbo].[Tableb]" />
				</Entry>
			</Relationship>
			<AttachedAnnotation Disambiguator="3" />
		</Element>
		<Element Type="SqlTable" Name="[dbo].[Tablec]">
			<Property Name="DistributionPolicyType" Value="3" />
			<Property Name="IsAnsiNullsOn" Value="True" />
			<Relationship Name="Columns">
				<Entry>
					<Element Type="SqlSimpleColumn" Name="[dbo].[Tablec].[col1]">
						<Property Name="IsNullable" Value="False" />
						<Relationship Name="TypeSpecifier">
							<Entry>
								<Element Type="SqlTypeSpecifier">
									<Relationship Name="Type">
										<Entry>
											<References ExternalSource="BuiltIns" Name="[int]" />
										</Entry>
									</Relationship>
								</Element>
							</Entry>
						</Relationship>
					</Element>
				</Entry>
				<Entry>
					<Element Type="SqlSimpleColumn" Name="[dbo].[Tablec].[col2]">
						<Relationship Name="TypeSpecifier">
							<Entry>
								<Element Type="SqlTypeSpecifier">
									<Property Name="Length" Value="10" />
									<Relationship Name="Type">
										<Entry>
											<References ExternalSource="BuiltIns" Name="[varchar]" />
										</Entry>
									</Relationship>
								</Element>
							</Entry>
						</Relationship>
					</Element>
				</Entry>
			</Relationship>
			<Relationship Name="DistributionColumn">
				<Entry>
					<References Name="[dbo].[Tablec].[col1]" />
				</Entry>
			</Relationship>
			<Relationship Name="Schema">
				<Entry>
					<References ExternalSource="BuiltIns" Name="[dbo]" />
				</Entry>
			</Relationship>
			<Annotation Type="SqlInlineIndexAnnotation" Disambiguator="4" />
		</Element>
		<Element Type="SqlColumnStoreIndex" Name="[dbo].[Tablec].[ClusteredIndex_00000000000000000000000000000000]">
			<Property Name="IsClustered" Value="True" />
			<Relationship Name="ColumnSpecifications">
				<Entry>
					<Element Type="SqlIndexedColumnSpecification">
						<Relationship Name="Column">
							<Entry>
								<References Name="[dbo].[Tablec].[col1]" />
							</Entry>
						</Relationship>
					</Element>
				</Entry>
				<Entry>
					<Element Type="SqlIndexedColumnSpecification">
						<Relationship Name="Column">
							<Entry>
								<References Name="[dbo].[Tablec].[col2]" />
							</Entry>
						</Relationship>
					</Element>
				</Entry>
			</Relationship>
			<Relationship Name="IndexedObject">
				<Entry>
					<References Name="[dbo].[Tablec]" />
				</Entry>
			</Relationship>
			<AttachedAnnotation Disambiguator="4" />
		</Element>
		<Element Type="SqlUser" Name="[kcsynapsews]">
			<Property Name="AuthenticationType" Value="4" />
			<Property Name="UserType" Value="1" />
		</Element>
	</Model>
</DataSchemaModel>